html,url
<200 https://heerenveen.christenunie.nl/nieuws>,https://heerenveen.christenunie.nl/nieuws
<200 https://heerenveen.christenunie.nl/nieuws>,https://heerenveen.christenunie.nl/k/n2531/news/view/1197111/43700/politieke-debatten-in-jubbega-akkrum-en-heerenveen.html
<200 https://heerenveen.christenunie.nl/nieuws>,https://heerenveen.christenunie.nl/k/n2531/news/view/1193891/43700/gemeenteraadsverkiezingen-21-maart-2018.html
<200 https://heerenveen.christenunie.nl/nieuws>,https://heerenveen.christenunie.nl/k/n2531/news/view/1109980/43700/dank-voor-uw-stem.html
<200 https://heerenveen.christenunie.nl/nieuws>,https://heerenveen.christenunie.nl/k/n2531/news/view/1109024/43700/lintjes.html
<200 https://heerenveen.christenunie.nl/nieuws>,https://heerenveen.christenunie.nl/k/n2531/news/view/1106421/43700/christenunie-stelt-kamervragen-over-gaswinning-heerenveen.html
<200 https://heerenveen.christenunie.nl/nieuws>,https://heerenveen.christenunie.nl/k/n2531/news/view/1089391/43700/laat-weten-wat-jouw-school-bijzonder-maakt.html
<200 https://heerenveen.christenunie.nl/nieuws>,https://heerenveen.christenunie.nl/k/n2531/news/view/586306/43700/christenunie-behoudt-2-zetels.html
<200 https://heerenveen.christenunie.nl/k/n2531/news/view/1197111/184837/politieke-debatten-in-jubbega-akkrum-en-heerenveen.html>,https://heerenveen.christenunie.nl/k/n2531/news/view/1197111/184837/politieke-debatten-in-jubbega-akkrum-en-heerenveen.html
<200 https://heerenveen.christenunie.nl/k/n2531/news/view/1197111/184837/politieke-debatten-in-jubbega-akkrum-en-heerenveen.html>,https://heerenveen.christenunie.nl/k/n2531/news/archive/184837
<200 https://heerenveen.christenunie.nl/k/n2531/news/view/1197111/184837/politieke-debatten-in-jubbega-akkrum-en-heerenveen.html>,https://heerenveen.christenunie.nl/k/n2531/news/archive/184837/2018
<200 https://heerenveen.christenunie.nl/k/n2531/news/view/1197111/184837/politieke-debatten-in-jubbega-akkrum-en-heerenveen.html>,https://heerenveen.christenunie.nl/k/n2531/news/archive/184837/2018/3
<200 https://heerenveen.christenunie.nl/k/n2531/news/view/1197111/184837/politieke-debatten-in-jubbega-akkrum-en-heerenveen.html>,https://heerenveen.christenunie.nl/k/n2531/news/view/1197110/184837/politiek-debat-in-heerenveen.html
<200 https://heerenveen.christenunie.nl/k/n2531/news/view/1197111/184837/politieke-debatten-in-jubbega-akkrum-en-heerenveen.html>,https://heerenveen.christenunie.nl/k/n2531/news/view/1197108/184837/politiek-debat-in-akkrum.html
<200 https://heerenveen.christenunie.nl/k/n2531/news/view/1197111/184837/politieke-debatten-in-jubbega-akkrum-en-heerenveen.html>,https://heerenveen.christenunie.nl/k/n2531/news/view/1197107/184837/politiek-debat-in-jubbega.html
<200 https://heerenveen.christenunie.nl/k/n2531/news/view/1193891/43700/gemeenteraadsverkiezingen-21-maart-2018.html>,https://heerenveen.christenunie.nl/k/n2531/news/archive/43700
<200 https://heerenveen.christenunie.nl/k/n2531/news/view/1193891/43700/gemeenteraadsverkiezingen-21-maart-2018.html>,https://heerenveen.christenunie.nl/k/n2531/news/archive/43700/2018
<200 https://heerenveen.christenunie.nl/k/n2531/news/view/1193891/43700/gemeenteraadsverkiezingen-21-maart-2018.html>,https://heerenveen.christenunie.nl/k/n2531/news/archive/43700/2018/2
<200 https://heerenveen.christenunie.nl/k/n2531/news/view/1089391/43700/laat-weten-wat-jouw-school-bijzonder-maakt.html>,https://heerenveen.christenunie.nl/k/n2531/news/archive/43700/2017
<200 https://heerenveen.christenunie.nl/k/n2531/news/view/1089391/43700/laat-weten-wat-jouw-school-bijzonder-maakt.html>,https://heerenveen.christenunie.nl/k/n2531/news/archive/43700/2017/2
<200 https://heerenveen.christenunie.nl/k/n2531/news/view/1109980/43700/dank-voor-uw-stem.html>,https://heerenveen.christenunie.nl/k/n2531/news/archive/43700/2017/3
<200 https://heerenveen.christenunie.nl/k/n2531/news/view/586306/43700/christenunie-behoudt-2-zetels.html>,https://heerenveen.christenunie.nl/k/n2531/news/archive/43700/2013
<200 https://heerenveen.christenunie.nl/k/n2531/news/view/586306/43700/christenunie-behoudt-2-zetels.html>,https://heerenveen.christenunie.nl/k/n2531/news/archive/43700/2013/11
<200 https://heerenveen.christenunie.nl/k/n2531/news/view/586306/43700/christenunie-behoudt-2-zetels.html>,https://heerenveen.christenunie.nl/k/n2531/news/view/585220/43700/lijsttrekker-christenunie-sluit-dorpenmarathon-af-in-heerenveen.html
<200 https://heerenveen.christenunie.nl/k/n2531/news/view/586306/43700/christenunie-behoudt-2-zetels.html>,https://heerenveen.christenunie.nl/k/n2531/news/view/579897/43700/christenunie-wil-prostitutiebeleid-op-de-agenda.html
<200 https://heerenveen.christenunie.nl/k/n2531/news/view/1197111/43700/politieke-debatten-in-jubbega-akkrum-en-heerenveen.html>,https://heerenveen.christenunie.nl/k/n2531/news/archive/43700/2018/3
<200 https://heerenveen.christenunie.nl/k/n2531/news/archive/184837/2018>,https://heerenveen.christenunie.nl/k/n2531/news/archive/184837/2018/03
<200 https://heerenveen.christenunie.nl/k/n2531/news/archive/184837/2018>,https://heerenveen.christenunie.nl/k/n2531/news/archive/184837/2018/02
<200 https://heerenveen.christenunie.nl/k/n2531/news/archive/184837>,https://heerenveen.christenunie.nl/k/n2531/news/archive/184837/2017
<200 https://heerenveen.christenunie.nl/k/n2531/news/archive/184837>,https://heerenveen.christenunie.nl/k/n2531/news/archive/184837/2013
<200 https://heerenveen.christenunie.nl/k/n2531/news/archive/184837>,https://heerenveen.christenunie.nl/k/n2531/news/archive/184837/2012
<200 https://heerenveen.christenunie.nl/k/n2531/news/archive/184837>,https://heerenveen.christenunie.nl/k/n2531/news/archive/184837/2011
<200 https://heerenveen.christenunie.nl/k/n2531/news/archive/184837>,https://heerenveen.christenunie.nl/k/n2531/news/archive/184837/2010
<200 https://heerenveen.christenunie.nl/k/n2531/news/archive/184837>,https://heerenveen.christenunie.nl/k/n2531/news/archive/184837/2009
<200 https://heerenveen.christenunie.nl/k/n2531/news/archive/184837>,https://heerenveen.christenunie.nl/k/n2531/news/archive/184837/2008
<200 https://heerenveen.christenunie.nl/k/n2531/news/archive/184837>,https://heerenveen.christenunie.nl/k/n2531/news/archive/184837/2007
<200 https://heerenveen.christenunie.nl/k/n2531/news/archive/184837>,https://heerenveen.christenunie.nl/k/n2531/news/archive/184837/2006
<200 https://heerenveen.christenunie.nl/k/n2531/news/archive/184837>,https://heerenveen.christenunie.nl/k/n2531/news/archive/184837/2005
<200 https://heerenveen.christenunie.nl/k/n2531/news/archive/184837>,https://heerenveen.christenunie.nl/k/n2531/news/archive/184837/2004
<200 https://heerenveen.christenunie.nl/k/n2531/news/archive/43700>,https://heerenveen.christenunie.nl/k/n2531/news/archive/43700/2012
<200 https://heerenveen.christenunie.nl/k/n2531/news/archive/43700>,https://heerenveen.christenunie.nl/k/n2531/news/archive/43700/2011
<200 https://heerenveen.christenunie.nl/k/n2531/news/archive/43700>,https://heerenveen.christenunie.nl/k/n2531/news/archive/43700/2010
<200 https://heerenveen.christenunie.nl/k/n2531/news/archive/43700>,https://heerenveen.christenunie.nl/k/n2531/news/archive/43700/2009
<200 https://heerenveen.christenunie.nl/k/n2531/news/archive/43700>,https://heerenveen.christenunie.nl/k/n2531/news/archive/43700/2008
<200 https://heerenveen.christenunie.nl/k/n2531/news/archive/43700>,https://heerenveen.christenunie.nl/k/n2531/news/archive/43700/2007
<200 https://heerenveen.christenunie.nl/k/n2531/news/archive/43700>,https://heerenveen.christenunie.nl/k/n2531/news/archive/43700/2006
<200 https://heerenveen.christenunie.nl/k/n2531/news/archive/43700>,https://heerenveen.christenunie.nl/k/n2531/news/archive/43700/2005
<200 https://heerenveen.christenunie.nl/k/n2531/news/archive/43700>,https://heerenveen.christenunie.nl/k/n2531/news/archive/43700/2004
<200 https://heerenveen.christenunie.nl/k/n2531/news/archive/43700/2017>,https://heerenveen.christenunie.nl/k/n2531/news/archive/43700/2017/03
<200 https://heerenveen.christenunie.nl/k/n2531/news/archive/43700/2017>,https://heerenveen.christenunie.nl/k/n2531/news/archive/43700/2017/02
<200 https://heerenveen.christenunie.nl/k/n2531/news/archive/43700/2013>,https://heerenveen.christenunie.nl/k/n2531/news/archive/43700/2013/10
<200 https://heerenveen.christenunie.nl/k/n2531/news/archive/43700/2013>,https://heerenveen.christenunie.nl/k/n2531/news/archive/43700/2013/09
<200 https://heerenveen.christenunie.nl/k/n2531/news/archive/43700/2013>,https://heerenveen.christenunie.nl/k/n2531/news/archive/43700/2013/08
<200 https://heerenveen.christenunie.nl/k/n2531/news/archive/43700/2013>,https://heerenveen.christenunie.nl/k/n2531/news/archive/43700/2013/06
<200 https://heerenveen.christenunie.nl/k/n2531/news/archive/43700/2013>,https://heerenveen.christenunie.nl/k/n2531/news/archive/43700/2013/03
<200 https://heerenveen.christenunie.nl/k/n2531/news/archive/43700/2013>,https://heerenveen.christenunie.nl/k/n2531/news/archive/43700/2013/02
<200 https://heerenveen.christenunie.nl/k/n2531/news/archive/43700/2018>,https://heerenveen.christenunie.nl/k/n2531/news/archive/43700/2018/03
<200 https://heerenveen.christenunie.nl/k/n2531/news/archive/43700/2018>,https://heerenveen.christenunie.nl/k/n2531/news/archive/43700/2018/02
<200 https://heerenveen.christenunie.nl/k/n2531/news/archive/43700/2004>,https://heerenveen.christenunie.nl/k/n2531/news/archive/43700/2004/12
<200 https://heerenveen.christenunie.nl/k/n2531/news/archive/43700/2004>,https://heerenveen.christenunie.nl/k/n2531/news/archive/43700/2004/10
<200 https://heerenveen.christenunie.nl/k/n2531/news/archive/184837/2005>,https://heerenveen.christenunie.nl/k/n2531/news/archive/184837/2005/10
<200 https://heerenveen.christenunie.nl/k/n2531/news/archive/184837/2005>,https://heerenveen.christenunie.nl/k/n2531/news/archive/184837/2005/05
<200 https://heerenveen.christenunie.nl/k/n2531/news/archive/184837/2005>,https://heerenveen.christenunie.nl/k/n2531/news/archive/184837/2005/03
<200 https://heerenveen.christenunie.nl/k/n2531/news/archive/184837/2018/02>,https://heerenveen.christenunie.nl/k/n2531/news/archive/184837/2018/2
<200 https://heerenveen.christenunie.nl/k/n2531/news/archive/184837/2018/02>,https://heerenveen.christenunie.nl/k/n2531/news/view/1193891/184837/gemeenteraadsverkiezingen-21-maart-2018.html
<200 https://heerenveen.christenunie.nl/k/n2531/news/archive/184837/2004>,https://heerenveen.christenunie.nl/k/n2531/news/archive/184837/2004/12
<200 https://heerenveen.christenunie.nl/k/n2531/news/archive/184837/2004>,https://heerenveen.christenunie.nl/k/n2531/news/archive/184837/2004/10
<200 https://heerenveen.christenunie.nl/k/n2531/news/archive/184837/2006>,https://heerenveen.christenunie.nl/k/n2531/news/archive/184837/2006/03
<200 https://heerenveen.christenunie.nl/k/n2531/news/archive/184837/2006>,https://heerenveen.christenunie.nl/k/n2531/news/archive/184837/2006/02
<200 https://heerenveen.christenunie.nl/k/n2531/news/archive/43700/2005>,https://heerenveen.christenunie.nl/k/n2531/news/archive/43700/2005/10
<200 https://heerenveen.christenunie.nl/k/n2531/news/archive/43700/2005>,https://heerenveen.christenunie.nl/k/n2531/news/archive/43700/2005/05
<200 https://heerenveen.christenunie.nl/k/n2531/news/archive/43700/2005>,https://heerenveen.christenunie.nl/k/n2531/news/archive/43700/2005/03
<200 https://heerenveen.christenunie.nl/k/n2531/news/archive/43700/2006>,https://heerenveen.christenunie.nl/k/n2531/news/archive/43700/2006/03
<200 https://heerenveen.christenunie.nl/k/n2531/news/archive/43700/2006>,https://heerenveen.christenunie.nl/k/n2531/news/archive/43700/2006/02
<200 https://heerenveen.christenunie.nl/k/n2531/news/archive/43700/2008>,https://heerenveen.christenunie.nl/k/n2531/news/archive/43700/2008/11
<200 https://heerenveen.christenunie.nl/k/n2531/news/archive/43700/2008>,https://heerenveen.christenunie.nl/k/n2531/news/archive/43700/2008/09
<200 https://heerenveen.christenunie.nl/k/n2531/news/archive/43700/2008>,https://heerenveen.christenunie.nl/k/n2531/news/archive/43700/2008/05
<200 https://heerenveen.christenunie.nl/k/n2531/news/archive/43700/2008>,https://heerenveen.christenunie.nl/k/n2531/news/archive/43700/2008/03
<200 https://heerenveen.christenunie.nl/k/n2531/news/archive/43700/2008>,https://heerenveen.christenunie.nl/k/n2531/news/archive/43700/2008/01
<200 https://heerenveen.christenunie.nl/k/n2531/news/archive/43700/2007>,https://heerenveen.christenunie.nl/k/n2531/news/archive/43700/2007/01
<200 https://heerenveen.christenunie.nl/k/n2531/news/archive/184837/2007>,https://heerenveen.christenunie.nl/k/n2531/news/archive/184837/2007/01
<200 https://heerenveen.christenunie.nl/k/n2531/news/archive/43700/2013/03>,https://heerenveen.christenunie.nl/k/n2531/news/archive/43700/2013/3
<200 https://heerenveen.christenunie.nl/k/n2531/news/archive/43700/2013/03>,https://heerenveen.christenunie.nl/k/n2531/news/view/552700/43700/fractie-in-actie-op-zorgboerderij-boerenblij.html
<200 https://heerenveen.christenunie.nl/k/n2531/news/archive/43700/2013/03>,https://heerenveen.christenunie.nl/k/n2531/news/view/551475/43700/christenunie-en-cda-komen-op-voor-kleine-scholen.html
<200 https://heerenveen.christenunie.nl/k/n2531/news/archive/43700/2013/06>,https://heerenveen.christenunie.nl/k/n2531/news/archive/43700/2013/6
<200 https://heerenveen.christenunie.nl/k/n2531/news/archive/43700/2013/06>,https://heerenveen.christenunie.nl/k/n2531/news/view/560240/43700/leijendekker-lijsttrekker-christenunie.html
<200 https://heerenveen.christenunie.nl/k/n2531/news/archive/43700/2013/02>,https://heerenveen.christenunie.nl/k/n2531/news/archive/43700/2013/2
<200 https://heerenveen.christenunie.nl/k/n2531/news/archive/43700/2013/02>,https://heerenveen.christenunie.nl/k/n2531/news/view/549952/43700/plaatselijk-belangen-wijkraden-en-eigen-initiatieven.html
<200 https://heerenveen.christenunie.nl/k/n2531/news/archive/43700/2013/08>,https://heerenveen.christenunie.nl/k/n2531/news/archive/43700/2013/8
<200 https://heerenveen.christenunie.nl/k/n2531/news/archive/43700/2013/08>,https://heerenveen.christenunie.nl/k/n2531/news/view/566740/43700/het-is-bijna-zover.html
<200 https://heerenveen.christenunie.nl/k/n2531/news/archive/184837/2005/03>,https://heerenveen.christenunie.nl/k/n2531/news/archive/184837/2005/3
<200 https://heerenveen.christenunie.nl/k/n2531/news/archive/184837/2005/03>,https://heerenveen.christenunie.nl/k/n2531/news/view/36883/184837/onze-prioriteiten-in-heerenveen.html
<200 https://heerenveen.christenunie.nl/k/n2531/news/archive/184837/2005/03>,https://heerenveen.christenunie.nl/k/n2531/news/view/36882/184837/holland-casino-in-heerenveen-niet-doen.html
<200 https://heerenveen.christenunie.nl/k/n2531/news/archive/184837/2005/03>,https://heerenveen.christenunie.nl/k/n2531/news/view/36881/184837/helder-beleid-voor-windenergie.html
<200 https://heerenveen.christenunie.nl/k/n2531/news/archive/184837/2005/03>,https://heerenveen.christenunie.nl/k/n2531/news/view/36880/184837/college-blijft-vaag-over-financiering-bijzonder-basisonderwijs.html
<200 https://heerenveen.christenunie.nl/k/n2531/news/archive/184837/2005/03>,https://heerenveen.christenunie.nl/k/n2531/news/view/36879/184837/ruim-baan-voor-woonzorgcomplexen-in-dorpen.html
<200 https://heerenveen.christenunie.nl/k/n2531/news/archive/43700/2013/09>,https://heerenveen.christenunie.nl/k/n2531/news/archive/43700/2013/9
<200 https://heerenveen.christenunie.nl/k/n2531/news/archive/43700/2013/09>,https://heerenveen.christenunie.nl/k/n2531/news/view/573833/43700/lijsttrekker-christenunie-rennend-door-heerenveense-dorpen.html
<200 https://heerenveen.christenunie.nl/k/n2531/news/archive/43700/2013/09>,https://heerenveen.christenunie.nl/k/n2531/news/view/572961/43700/lia-de-heij-nummer-2-van-de-kanditatenlijst-stelt-zich-voor.html
<200 https://heerenveen.christenunie.nl/k/n2531/news/archive/43700/2013/09>,https://heerenveen.christenunie.nl/k/n2531/news/view/572064/43700/interview-lijstrekker-aris-leijendekker-met-jongerensite-ondertussen-nl.html
<200 https://heerenveen.christenunie.nl/k/n2531/news/archive/43700/2013/09>,https://heerenveen.christenunie.nl/k/n2531/news/view/571076/43700/de-kandidatenlijst-voor-de-gemeenteraadsverkiezingen-op-13-november-2013.html
<200 https://heerenveen.christenunie.nl/k/n2531/news/archive/43700/2013/09>,https://heerenveen.christenunie.nl/k/n2531/news/view/570601/43700/zaterdag-14-september-speed-d(eb)ate-met-aris-leijendekker.html
<200 https://heerenveen.christenunie.nl/k/n2531/news/archive/184837/2005/05>,https://heerenveen.christenunie.nl/k/n2531/news/archive/184837/2005/5
<200 https://heerenveen.christenunie.nl/k/n2531/news/archive/184837/2005/05>,https://heerenveen.christenunie.nl/k/n2531/news/view/36887/184837/wethouder-toont-zich-slechte-verliezer.html
<200 https://heerenveen.christenunie.nl/k/n2531/news/archive/184837/2005/05>,https://heerenveen.christenunie.nl/k/n2531/news/view/36886/184837/wegomlegging-bontebok-eerst-mensen-dan-bomen.html
<200 https://heerenveen.christenunie.nl/k/n2531/news/archive/184837/2005/05>,https://heerenveen.christenunie.nl/k/n2531/news/view/36885/184837/holland-casino-in-heerenveen-gelukkig-niet.html
<200 https://heerenveen.christenunie.nl/k/n2531/news/archive/184837/2005/05>,https://heerenveen.christenunie.nl/k/n2531/news/view/36884/184837/ontsluitingsweg-te-duur.html
<200 https://heerenveen.christenunie.nl/k/n2531/news/archive/184837/2004/10>,https://heerenveen.christenunie.nl/k/n2531/news/view/36875/184837/begroting-voor-het-eerst-in-nieuwe-opzet.html
<200 https://heerenveen.christenunie.nl/k/n2531/news/archive/184837/2004/10>,https://heerenveen.christenunie.nl/k/n2531/news/view/36874/184837/motie-om-onderzoek-naar-aanpassing-tunnel-aangenomen.html
<200 https://heerenveen.christenunie.nl/k/n2531/news/archive/184837/2004/10>,https://heerenveen.christenunie.nl/k/n2531/news/view/36873/184837/geen-steun-aan-motie-van-wantrouwen.html
<200 https://heerenveen.christenunie.nl/k/n2531/news/archive/184837/2004/12>,https://heerenveen.christenunie.nl/k/n2531/news/view/36878/184837/iraakse-familie-voorlopig-nog-onderdak.html
<200 https://heerenveen.christenunie.nl/k/n2531/news/archive/184837/2004/12>,https://heerenveen.christenunie.nl/k/n2531/news/view/36877/184837/gemeentelijke-lasten-mogen-in-2006-niet-omhoog.html
<200 https://heerenveen.christenunie.nl/k/n2531/news/archive/184837/2004/12>,https://heerenveen.christenunie.nl/k/n2531/news/view/36876/184837/burgemeester-goed-in-gesprek-met-moslims.html
<200 https://heerenveen.christenunie.nl/k/n2531/news/archive/43700/2008/05>,https://heerenveen.christenunie.nl/k/n2531/news/archive/43700/2008/5
<200 https://heerenveen.christenunie.nl/k/n2531/news/archive/43700/2008/05>,https://heerenveen.christenunie.nl/k/n2531/news/view/289766/43700/beediging-aris-leijendekker.html
<200 https://heerenveen.christenunie.nl/k/n2531/news/archive/43700/2008/03>,https://heerenveen.christenunie.nl/k/n2531/news/archive/43700/2008/3
<200 https://heerenveen.christenunie.nl/k/n2531/news/archive/43700/2008/03>,https://heerenveen.christenunie.nl/k/n2531/news/view/199554/43700/wisseling-in-de-fractie.html
<200 https://heerenveen.christenunie.nl/k/n2531/news/archive/43700/2008/09>,https://heerenveen.christenunie.nl/k/n2531/news/archive/43700/2008/9
<200 https://heerenveen.christenunie.nl/k/n2531/news/archive/43700/2008/09>,https://heerenveen.christenunie.nl/k/n2531/news/view/306300/43700/nog-geen-streep-onder-slepende-kwestie.html
<200 https://heerenveen.christenunie.nl/k/n2531/news/archive/43700/2008/09>,https://heerenveen.christenunie.nl/k/n2531/news/view/302646/43700/vluchtelingenwerk-druk-met-coaching-van-de-pardonners.html
<200 https://heerenveen.christenunie.nl/k/n2531/news/archive/184837/2005/10>,https://heerenveen.christenunie.nl/k/n2531/news/view/36888/184837/feestelijke-presentatie-nieuwe-lijsttrekker-en-verkiezingsprogramma.html
<200 https://heerenveen.christenunie.nl/k/n2531/news/archive/43700/2008/01>,https://heerenveen.christenunie.nl/k/n2531/news/archive/43700/2008/1
<200 https://heerenveen.christenunie.nl/k/n2531/news/archive/43700/2008/01>,https://heerenveen.christenunie.nl/k/n2531/news/view/194053/43700/werkgroep-millenniumgemeente.html
<200 https://heerenveen.christenunie.nl/k/n2531/news/archive/43700/2008/01>,https://heerenveen.christenunie.nl/k/n2531/news/view/194055/43700/impressie-van-de-ledenvergadering.html
<200 https://heerenveen.christenunie.nl/k/n2531/news/archive/43700/2008/01>,https://heerenveen.christenunie.nl/k/n2531/news/view/194054/43700/rouvoet-wie-geloof-en-politiek-wil-scheiden-heeft-van-beide-niets-begrepen.html
<200 https://heerenveen.christenunie.nl/k/n2531/news/archive/184837/2007/01>,https://heerenveen.christenunie.nl/k/n2531/news/archive/184837/2007/1
<200 https://heerenveen.christenunie.nl/k/n2531/news/archive/184837/2007/01>,https://heerenveen.christenunie.nl/k/n2531/news/view/148114/184837/betere-samenwerking-met-clientenraad-sociale-zaken.html
<200 https://heerenveen.christenunie.nl/k/n2531/news/archive/184837/2007/01>,https://heerenveen.christenunie.nl/k/n2531/news/view/148115/184837/huishoudboekje-begrijpelijker-maken.html
<200 https://heerenveen.christenunie.nl/k/n2531/news/archive/184837/2007/01>,https://heerenveen.christenunie.nl/k/n2531/news/view/148113/184837/christenunie-feliciteert-vrijwilligers-aanloophuis.html
<200 https://heerenveen.christenunie.nl/k/n2531/news/archive/43700/2006/02>,https://heerenveen.christenunie.nl/k/n2531/news/archive/43700/2006/2
<200 https://heerenveen.christenunie.nl/k/n2531/news/archive/43700/2006/02>,https://heerenveen.christenunie.nl/k/n2531/news/view/36889/43700/liever-wij-dan-ik.html
<200 https://heerenveen.christenunie.nl/k/n2531/news/archive/43700/2006/02>,https://heerenveen.christenunie.nl/k/n2531/news/view/45851/43700/kandidaten-bezoeken-aanloophuis.html
<200 https://heerenveen.christenunie.nl/k/n2531/news/archive/43700/2006/02>,https://heerenveen.christenunie.nl/k/n2531/news/view/36891/43700/kerken-heerenveen-en-christenunie-in-overleg-over-wmo.html
<200 https://heerenveen.christenunie.nl/k/n2531/news/archive/43700/2008/11>,https://heerenveen.christenunie.nl/k/n2531/news/view/316462/43700/heerenveen-stad-van-sport.html
<200 https://heerenveen.christenunie.nl/k/n2531/news/archive/43700/2007/01>,https://heerenveen.christenunie.nl/k/n2531/news/archive/43700/2007/1
<200 https://heerenveen.christenunie.nl/k/n2531/news/archive/43700/2007/01>,https://heerenveen.christenunie.nl/k/n2531/news/view/148114/43700/betere-samenwerking-met-clientenraad-sociale-zaken.html
<200 https://heerenveen.christenunie.nl/k/n2531/news/archive/43700/2007/01>,https://heerenveen.christenunie.nl/k/n2531/news/view/148115/43700/huishoudboekje-begrijpelijker-maken.html
<200 https://heerenveen.christenunie.nl/k/n2531/news/archive/43700/2007/01>,https://heerenveen.christenunie.nl/k/n2531/news/view/148113/43700/christenunie-feliciteert-vrijwilligers-aanloophuis.html
<200 https://heerenveen.christenunie.nl/k/n2531/news/archive/43700/2005/10>,https://heerenveen.christenunie.nl/k/n2531/news/view/36888/43700/feestelijke-presentatie-nieuwe-lijsttrekker-en-verkiezingsprogramma.html
<200 https://heerenveen.christenunie.nl/k/n2531/news/archive/184837/2006/02>,https://heerenveen.christenunie.nl/k/n2531/news/archive/184837/2006/2
<200 https://heerenveen.christenunie.nl/k/n2531/news/archive/184837/2006/02>,https://heerenveen.christenunie.nl/k/n2531/news/view/36889/184837/liever-wij-dan-ik.html
<200 https://heerenveen.christenunie.nl/k/n2531/news/archive/184837/2006/02>,https://heerenveen.christenunie.nl/k/n2531/news/view/45851/184837/kandidaten-bezoeken-aanloophuis.html
<200 https://heerenveen.christenunie.nl/k/n2531/news/archive/184837/2006/02>,https://heerenveen.christenunie.nl/k/n2531/news/view/36891/184837/kerken-heerenveen-en-christenunie-in-overleg-over-wmo.html
<200 https://heerenveen.christenunie.nl/k/n2531/news/archive/43700/2006/03>,https://heerenveen.christenunie.nl/k/n2531/news/archive/43700/2006/3
<200 https://heerenveen.christenunie.nl/k/n2531/news/archive/43700/2006/03>,https://heerenveen.christenunie.nl/k/n2531/news/view/68086/43700/niet-wesseling-maar-boven-in-de-raad.html
<200 https://heerenveen.christenunie.nl/k/n2531/news/archive/43700/2004/10>,https://heerenveen.christenunie.nl/k/n2531/news/view/36875/43700/begroting-voor-het-eerst-in-nieuwe-opzet.html
<200 https://heerenveen.christenunie.nl/k/n2531/news/archive/43700/2004/10>,https://heerenveen.christenunie.nl/k/n2531/news/view/36874/43700/motie-om-onderzoek-naar-aanpassing-tunnel-aangenomen.html
<200 https://heerenveen.christenunie.nl/k/n2531/news/archive/43700/2004/10>,https://heerenveen.christenunie.nl/k/n2531/news/view/36873/43700/geen-steun-aan-motie-van-wantrouwen.html
<200 https://heerenveen.christenunie.nl/k/n2531/news/archive/184837/2006/03>,https://heerenveen.christenunie.nl/k/n2531/news/archive/184837/2006/3
<200 https://heerenveen.christenunie.nl/k/n2531/news/archive/184837/2006/03>,https://heerenveen.christenunie.nl/k/n2531/news/view/68086/184837/niet-wesseling-maar-boven-in-de-raad.html
<200 https://heerenveen.christenunie.nl/k/n2531/news/archive/43700/2005/03>,https://heerenveen.christenunie.nl/k/n2531/news/archive/43700/2005/3
<200 https://heerenveen.christenunie.nl/k/n2531/news/archive/43700/2005/03>,https://heerenveen.christenunie.nl/k/n2531/news/view/36883/43700/onze-prioriteiten-in-heerenveen.html
<200 https://heerenveen.christenunie.nl/k/n2531/news/archive/43700/2005/03>,https://heerenveen.christenunie.nl/k/n2531/news/view/36882/43700/holland-casino-in-heerenveen-niet-doen.html
<200 https://heerenveen.christenunie.nl/k/n2531/news/archive/43700/2005/03>,https://heerenveen.christenunie.nl/k/n2531/news/view/36881/43700/helder-beleid-voor-windenergie.html
<200 https://heerenveen.christenunie.nl/k/n2531/news/archive/43700/2005/03>,https://heerenveen.christenunie.nl/k/n2531/news/view/36880/43700/college-blijft-vaag-over-financiering-bijzonder-basisonderwijs.html
<200 https://heerenveen.christenunie.nl/k/n2531/news/archive/43700/2005/03>,https://heerenveen.christenunie.nl/k/n2531/news/view/36879/43700/ruim-baan-voor-woonzorgcomplexen-in-dorpen.html
<200 https://heerenveen.christenunie.nl/k/n2531/news/archive/43700/2013/10>,https://heerenveen.christenunie.nl/k/n2531/news/view/577728/43700/campagnevoeren-met-snelheid.html
<200 https://heerenveen.christenunie.nl/k/n2531/news/archive/43700/2013/10>,https://heerenveen.christenunie.nl/k/n2531/news/view/577173/43700/joukje-akkerman-de-jong-stelt-zich-voor.html
<200 https://heerenveen.christenunie.nl/k/n2531/news/archive/43700/2013/10>,https://heerenveen.christenunie.nl/k/n2531/news/view/576622/43700/bijzonder-goede-inzet-van-vrijwilligers-in-de-dorpen-valt-op-bij-de-derde-loop.html
<200 https://heerenveen.christenunie.nl/k/n2531/news/archive/43700/2013/10>,https://heerenveen.christenunie.nl/k/n2531/news/view/574865/43700/start-campagne-christenunie-heerenveen.html
<200 https://heerenveen.christenunie.nl/k/n2531/news/archive/43700/2013/10>,https://heerenveen.christenunie.nl/k/n2531/news/view/574156/43700/nummer-3-van-de-kandidatenlijst-klaas-pieter-derks-stelt-zich-voor.html
<200 https://heerenveen.christenunie.nl/k/n2531/news/archive/43700/2005/05>,https://heerenveen.christenunie.nl/k/n2531/news/archive/43700/2005/5
<200 https://heerenveen.christenunie.nl/k/n2531/news/archive/43700/2005/05>,https://heerenveen.christenunie.nl/k/n2531/news/view/36887/43700/wethouder-toont-zich-slechte-verliezer.html
<200 https://heerenveen.christenunie.nl/k/n2531/news/archive/43700/2005/05>,https://heerenveen.christenunie.nl/k/n2531/news/view/36886/43700/wegomlegging-bontebok-eerst-mensen-dan-bomen.html
<200 https://heerenveen.christenunie.nl/k/n2531/news/archive/43700/2005/05>,https://heerenveen.christenunie.nl/k/n2531/news/view/36885/43700/holland-casino-in-heerenveen-gelukkig-niet.html
<200 https://heerenveen.christenunie.nl/k/n2531/news/archive/43700/2005/05>,https://heerenveen.christenunie.nl/k/n2531/news/view/36884/43700/ontsluitingsweg-te-duur.html
<200 https://heerenveen.christenunie.nl/k/n2531/news/archive/43700/2004/12>,https://heerenveen.christenunie.nl/k/n2531/news/view/36878/43700/iraakse-familie-voorlopig-nog-onderdak.html
<200 https://heerenveen.christenunie.nl/k/n2531/news/archive/43700/2004/12>,https://heerenveen.christenunie.nl/k/n2531/news/view/36877/43700/gemeentelijke-lasten-mogen-in-2006-niet-omhoog.html
<200 https://heerenveen.christenunie.nl/k/n2531/news/archive/43700/2004/12>,https://heerenveen.christenunie.nl/k/n2531/news/view/36876/43700/burgemeester-goed-in-gesprek-met-moslims.html
<200 https://heerenveen.christenunie.nl/k/n2531/news/archive/43700/2009>,https://heerenveen.christenunie.nl/k/n2531/news/archive/43700/2009/12
<200 https://heerenveen.christenunie.nl/k/n2531/news/archive/43700/2009>,https://heerenveen.christenunie.nl/k/n2531/news/archive/43700/2009/11
<200 https://heerenveen.christenunie.nl/k/n2531/news/archive/43700/2009>,https://heerenveen.christenunie.nl/k/n2531/news/archive/43700/2009/10
<200 https://heerenveen.christenunie.nl/k/n2531/news/archive/43700/2009>,https://heerenveen.christenunie.nl/k/n2531/news/archive/43700/2009/06
<200 https://heerenveen.christenunie.nl/k/n2531/news/archive/43700/2009>,https://heerenveen.christenunie.nl/k/n2531/news/archive/43700/2009/05
<200 https://heerenveen.christenunie.nl/k/n2531/news/archive/43700/2009>,https://heerenveen.christenunie.nl/k/n2531/news/archive/43700/2009/04
<200 https://heerenveen.christenunie.nl/k/n2531/news/archive/43700/2009>,https://heerenveen.christenunie.nl/k/n2531/news/archive/43700/2009/03
<200 https://heerenveen.christenunie.nl/k/n2531/news/archive/43700/2012>,https://heerenveen.christenunie.nl/k/n2531/news/archive/43700/2012/06
<200 https://heerenveen.christenunie.nl/k/n2531/news/archive/43700/2012>,https://heerenveen.christenunie.nl/k/n2531/news/archive/43700/2012/04
<200 https://heerenveen.christenunie.nl/k/n2531/news/archive/43700/2012>,https://heerenveen.christenunie.nl/k/n2531/news/archive/43700/2012/03
<200 https://heerenveen.christenunie.nl/k/n2531/news/archive/43700/2012>,https://heerenveen.christenunie.nl/k/n2531/news/archive/43700/2012/02
<200 https://heerenveen.christenunie.nl/k/n2531/news/archive/43700/2012>,https://heerenveen.christenunie.nl/k/n2531/news/archive/43700/2012/01
<200 https://heerenveen.christenunie.nl/k/n2531/news/archive/43700/2010>,https://heerenveen.christenunie.nl/k/n2531/news/archive/43700/2010/11
<200 https://heerenveen.christenunie.nl/k/n2531/news/archive/43700/2010>,https://heerenveen.christenunie.nl/k/n2531/news/archive/43700/2010/10
<200 https://heerenveen.christenunie.nl/k/n2531/news/archive/43700/2010>,https://heerenveen.christenunie.nl/k/n2531/news/archive/43700/2010/02
<200 https://heerenveen.christenunie.nl/k/n2531/news/archive/43700/2010>,https://heerenveen.christenunie.nl/k/n2531/news/archive/43700/2010/01
<200 https://heerenveen.christenunie.nl/k/n2531/news/archive/43700/2011>,https://heerenveen.christenunie.nl/k/n2531/news/archive/43700/2011/12
<200 https://heerenveen.christenunie.nl/k/n2531/news/archive/43700/2011>,https://heerenveen.christenunie.nl/k/n2531/news/archive/43700/2011/11
<200 https://heerenveen.christenunie.nl/k/n2531/news/archive/43700/2011>,https://heerenveen.christenunie.nl/k/n2531/news/archive/43700/2011/10
<200 https://heerenveen.christenunie.nl/k/n2531/news/archive/43700/2011>,https://heerenveen.christenunie.nl/k/n2531/news/archive/43700/2011/09
<200 https://heerenveen.christenunie.nl/k/n2531/news/archive/43700/2011>,https://heerenveen.christenunie.nl/k/n2531/news/archive/43700/2011/01
<200 https://heerenveen.christenunie.nl/k/n2531/news/archive/184837/2008>,https://heerenveen.christenunie.nl/k/n2531/news/archive/184837/2008/11
<200 https://heerenveen.christenunie.nl/k/n2531/news/archive/184837/2008>,https://heerenveen.christenunie.nl/k/n2531/news/archive/184837/2008/09
<200 https://heerenveen.christenunie.nl/k/n2531/news/archive/184837/2008>,https://heerenveen.christenunie.nl/k/n2531/news/archive/184837/2008/05
<200 https://heerenveen.christenunie.nl/k/n2531/news/archive/184837/2008>,https://heerenveen.christenunie.nl/k/n2531/news/archive/184837/2008/03
<200 https://heerenveen.christenunie.nl/k/n2531/news/archive/184837/2008>,https://heerenveen.christenunie.nl/k/n2531/news/archive/184837/2008/01
<200 https://heerenveen.christenunie.nl/k/n2531/news/archive/184837/2009>,https://heerenveen.christenunie.nl/k/n2531/news/archive/184837/2009/12
<200 https://heerenveen.christenunie.nl/k/n2531/news/archive/184837/2009>,https://heerenveen.christenunie.nl/k/n2531/news/archive/184837/2009/11
<200 https://heerenveen.christenunie.nl/k/n2531/news/archive/184837/2009>,https://heerenveen.christenunie.nl/k/n2531/news/archive/184837/2009/10
<200 https://heerenveen.christenunie.nl/k/n2531/news/archive/184837/2009>,https://heerenveen.christenunie.nl/k/n2531/news/archive/184837/2009/06
<200 https://heerenveen.christenunie.nl/k/n2531/news/archive/184837/2009>,https://heerenveen.christenunie.nl/k/n2531/news/archive/184837/2009/05
<200 https://heerenveen.christenunie.nl/k/n2531/news/archive/184837/2009>,https://heerenveen.christenunie.nl/k/n2531/news/archive/184837/2009/04
<200 https://heerenveen.christenunie.nl/k/n2531/news/archive/184837/2009>,https://heerenveen.christenunie.nl/k/n2531/news/archive/184837/2009/03
<200 https://heerenveen.christenunie.nl/k/n2531/news/archive/184837/2010>,https://heerenveen.christenunie.nl/k/n2531/news/archive/184837/2010/11
<200 https://heerenveen.christenunie.nl/k/n2531/news/archive/184837/2010>,https://heerenveen.christenunie.nl/k/n2531/news/archive/184837/2010/10
<200 https://heerenveen.christenunie.nl/k/n2531/news/archive/184837/2010>,https://heerenveen.christenunie.nl/k/n2531/news/archive/184837/2010/02
<200 https://heerenveen.christenunie.nl/k/n2531/news/archive/184837/2010>,https://heerenveen.christenunie.nl/k/n2531/news/archive/184837/2010/01
<200 https://heerenveen.christenunie.nl/k/n2531/news/archive/43700/2012/02>,https://heerenveen.christenunie.nl/k/n2531/news/archive/43700/2012/2
<200 https://heerenveen.christenunie.nl/k/n2531/news/archive/43700/2012/02>,https://heerenveen.christenunie.nl/k/n2531/news/view/506840/43700/provinciale-unie-op-bezoek-bij-het-bestuur-in-heerenveen.html
<200 https://heerenveen.christenunie.nl/k/n2531/news/archive/43700/2012/02>,https://heerenveen.christenunie.nl/k/n2531/news/view/504357/43700/tryntsje-dijkstra-terug-in-de-raad.html
<200 https://heerenveen.christenunie.nl/k/n2531/news/archive/43700/2012/01>,https://heerenveen.christenunie.nl/k/n2531/news/archive/43700/2012/1
<200 https://heerenveen.christenunie.nl/k/n2531/news/archive/43700/2012/01>,https://heerenveen.christenunie.nl/k/n2531/news/view/503553/43700/kennismaking-met-zorgboerderij-boerenblij.html
<200 https://heerenveen.christenunie.nl/k/n2531/news/archive/184837/2010/01>,https://heerenveen.christenunie.nl/k/n2531/news/archive/184837/2010/1
<200 https://heerenveen.christenunie.nl/k/n2531/news/archive/184837/2010/01>,https://heerenveen.christenunie.nl/k/n2531/news/view/403979/184837/werkbezoek-stichting-mee.html
<200 https://heerenveen.christenunie.nl/k/n2531/news/archive/184837/2010/01>,https://heerenveen.christenunie.nl/k/n2531/news/view/400828/184837/wat-houdt-de-meeste-mensen-in-heerenveen-bezig.html
<200 https://heerenveen.christenunie.nl/k/n2531/news/archive/184837/2010/01>,https://heerenveen.christenunie.nl/k/n2531/news/view/400820/184837/geld-oppotten-en-omtinkers-aanstellen.html
<200 https://heerenveen.christenunie.nl/k/n2531/news/archive/184837/2010/01>,https://heerenveen.christenunie.nl/k/n2531/news/view/399092/184837/grondaankoop-tjalleberter-krite-dure-misser.html
<200 https://heerenveen.christenunie.nl/k/n2531/news/archive/184837/2010/10>,https://heerenveen.christenunie.nl/k/n2531/news/view/454425/184837/ziekte-fractievoorzitter.html
<200 https://heerenveen.christenunie.nl/k/n2531/news/archive/184837/2009/03>,https://heerenveen.christenunie.nl/k/n2531/news/archive/184837/2009/3
<200 https://heerenveen.christenunie.nl/k/n2531/news/archive/184837/2009/03>,https://heerenveen.christenunie.nl/k/n2531/news/view/340709/184837/stichting-present-heerenveen.html
<200 https://heerenveen.christenunie.nl/k/n2531/news/archive/184837/2010/11>,https://heerenveen.christenunie.nl/k/n2531/news/view/457328/184837/een-kat-in-het-nauw-maakt-rare-sprongen.html
<200 https://heerenveen.christenunie.nl/k/n2531/news/archive/184837/2009/04>,https://heerenveen.christenunie.nl/k/n2531/news/archive/184837/2009/4
<200 https://heerenveen.christenunie.nl/k/n2531/news/archive/184837/2009/04>,https://heerenveen.christenunie.nl/k/n2531/news/view/347048/184837/christenunie-gaat-voor-tweedehands.html
<200 https://heerenveen.christenunie.nl/k/n2531/news/archive/184837/2009/04>,https://heerenveen.christenunie.nl/k/n2531/news/view/346614/184837/centrum-jeugd-en-gezin-heerenveen.html
<200 https://heerenveen.christenunie.nl/k/n2531/news/archive/184837/2010/02>,https://heerenveen.christenunie.nl/k/n2531/news/archive/184837/2010/2
<200 https://heerenveen.christenunie.nl/k/n2531/news/archive/184837/2010/02>,https://heerenveen.christenunie.nl/k/n2531/news/view/415664/184837/christenunie-steekt-de-handen-uit-de-mouwen.html
<200 https://heerenveen.christenunie.nl/k/n2531/news/archive/184837/2010/02>,https://heerenveen.christenunie.nl/k/n2531/news/view/409870/184837/christenunie-wil-meebesturen-in-heerenveen.html
<200 https://heerenveen.christenunie.nl/k/n2531/news/archive/184837/2010/02>,https://heerenveen.christenunie.nl/k/n2531/news/view/406213/184837/heerenveen-stad-van-sport-wie-let-er-op-de-kleintjes.html
<200 https://heerenveen.christenunie.nl/k/n2531/news/archive/184837/2009/05>,https://heerenveen.christenunie.nl/k/n2531/news/archive/184837/2009/5
<200 https://heerenveen.christenunie.nl/k/n2531/news/archive/184837/2009/05>,https://heerenveen.christenunie.nl/k/n2531/news/view/347655/184837/van-europa-naar-friesland.html
<200 https://heerenveen.christenunie.nl/k/n2531/news/archive/184837/2009/06>,https://heerenveen.christenunie.nl/k/n2531/news/archive/184837/2009/6
<200 https://heerenveen.christenunie.nl/k/n2531/news/archive/184837/2009/06>,https://heerenveen.christenunie.nl/k/n2531/news/view/354449/184837/nieuws-cu-heerenveen.html
<200 https://heerenveen.christenunie.nl/k/n2531/news/archive/43700/2011/01>,https://heerenveen.christenunie.nl/k/n2531/news/archive/43700/2011/1
<200 https://heerenveen.christenunie.nl/k/n2531/news/archive/43700/2011/01>,https://heerenveen.christenunie.nl/k/n2531/news/view/466709/43700/pre-mediation-in-gemeente-heerenveen-voor-betere-dienstverlening.html
<200 https://heerenveen.christenunie.nl/k/n2531/news/archive/43700/2011/01>,https://heerenveen.christenunie.nl/k/n2531/news/view/464609/43700/ziektevervanging.html
<200 https://heerenveen.christenunie.nl/k/n2531/news/archive/184837/2009/11>,https://heerenveen.christenunie.nl/k/n2531/news/view/373340/184837/fusie-eerst-naar-de-burgers.html
<200 https://heerenveen.christenunie.nl/k/n2531/news/archive/184837/2008/01>,https://heerenveen.christenunie.nl/k/n2531/news/archive/184837/2008/1
<200 https://heerenveen.christenunie.nl/k/n2531/news/archive/184837/2008/01>,https://heerenveen.christenunie.nl/k/n2531/news/view/194053/184837/werkgroep-millenniumgemeente.html
<200 https://heerenveen.christenunie.nl/k/n2531/news/archive/184837/2008/01>,https://heerenveen.christenunie.nl/k/n2531/news/view/194055/184837/impressie-van-de-ledenvergadering.html
<200 https://heerenveen.christenunie.nl/k/n2531/news/archive/184837/2008/01>,https://heerenveen.christenunie.nl/k/n2531/news/view/194054/184837/rouvoet-wie-geloof-en-politiek-wil-scheiden-heeft-van-beide-niets-begrepen.html
<200 https://heerenveen.christenunie.nl/k/n2531/news/archive/184837/2009/12>,https://heerenveen.christenunie.nl/k/n2531/news/view/388109/184837/tryntsje-dijkstra-opnieuw-lijsttrekker-christenunie-heerenveen.html
<200 https://heerenveen.christenunie.nl/k/n2531/news/archive/184837/2009/12>,https://heerenveen.christenunie.nl/k/n2531/news/view/388108/184837/tien-belangrijke-boodschappen-van-de-christenunie-voor-heerenveen-in-2010.html
<200 https://heerenveen.christenunie.nl/k/n2531/news/archive/184837/2009/12>,https://heerenveen.christenunie.nl/k/n2531/news/view/385643/184837/jan-boven-ontvangt-zilveren-speld.html
<200 https://heerenveen.christenunie.nl/k/n2531/news/archive/184837/2009/10>,https://heerenveen.christenunie.nl/k/n2531/news/view/370318/184837/centrum-voor-de-kunsten-a7.html
<200 https://heerenveen.christenunie.nl/k/n2531/news/archive/184837/2009/10>,https://heerenveen.christenunie.nl/k/n2531/news/view/368793/184837/thialf-discovery.html
<200 https://heerenveen.christenunie.nl/k/n2531/news/archive/184837/2009/10>,https://heerenveen.christenunie.nl/k/n2531/news/view/368788/184837/ondernemersfonds-voor-het-centrum.html
<200 https://heerenveen.christenunie.nl/k/n2531/news/archive/184837/2008/03>,https://heerenveen.christenunie.nl/k/n2531/news/archive/184837/2008/3
<200 https://heerenveen.christenunie.nl/k/n2531/news/archive/184837/2008/03>,https://heerenveen.christenunie.nl/k/n2531/news/view/199554/184837/wisseling-in-de-fractie.html
<200 https://heerenveen.christenunie.nl/k/n2531/news/archive/184837/2008/05>,https://heerenveen.christenunie.nl/k/n2531/news/archive/184837/2008/5
<200 https://heerenveen.christenunie.nl/k/n2531/news/archive/184837/2008/05>,https://heerenveen.christenunie.nl/k/n2531/news/view/289766/184837/beediging-aris-leijendekker.html
<200 https://heerenveen.christenunie.nl/k/n2531/news/archive/184837/2008/11>,https://heerenveen.christenunie.nl/k/n2531/news/view/316462/184837/heerenveen-stad-van-sport.html
<200 https://heerenveen.christenunie.nl/k/n2531/news/archive/184837/2008/09>,https://heerenveen.christenunie.nl/k/n2531/news/archive/184837/2008/9
<200 https://heerenveen.christenunie.nl/k/n2531/news/archive/184837/2008/09>,https://heerenveen.christenunie.nl/k/n2531/news/view/306300/184837/nog-geen-streep-onder-slepende-kwestie.html
<200 https://heerenveen.christenunie.nl/k/n2531/news/archive/184837/2008/09>,https://heerenveen.christenunie.nl/k/n2531/news/view/302646/184837/vluchtelingenwerk-druk-met-coaching-van-de-pardonners.html
<200 https://heerenveen.christenunie.nl/k/n2531/news/archive/43700/2011/10>,https://heerenveen.christenunie.nl/k/n2531/news/view/493622/43700/belevenissen-als-tijdelijk-raadslid-van-lia-de-heij.html
<200 https://heerenveen.christenunie.nl/k/n2531/news/archive/43700/2011/09>,https://heerenveen.christenunie.nl/k/n2531/news/archive/43700/2011/9
<200 https://heerenveen.christenunie.nl/k/n2531/news/archive/43700/2011/09>,https://heerenveen.christenunie.nl/k/n2531/news/view/493749/43700/christenunie-heerenveen-start-nieuw-politiek-seizoen.html
<200 https://heerenveen.christenunie.nl/k/n2531/news/archive/43700/2011/11>,https://heerenveen.christenunie.nl/k/n2531/news/view/498974/43700/betoog-bestuursrapportage-2011-en-themabegroting-2012.html
<200 https://heerenveen.christenunie.nl/k/n2531/news/archive/43700/2010/01>,https://heerenveen.christenunie.nl/k/n2531/news/archive/43700/2010/1
<200 https://heerenveen.christenunie.nl/k/n2531/news/archive/43700/2010/01>,https://heerenveen.christenunie.nl/k/n2531/news/view/403979/43700/werkbezoek-stichting-mee.html
<200 https://heerenveen.christenunie.nl/k/n2531/news/archive/43700/2010/01>,https://heerenveen.christenunie.nl/k/n2531/news/view/400828/43700/wat-houdt-de-meeste-mensen-in-heerenveen-bezig.html
<200 https://heerenveen.christenunie.nl/k/n2531/news/archive/43700/2010/01>,https://heerenveen.christenunie.nl/k/n2531/news/view/400820/43700/geld-oppotten-en-omtinkers-aanstellen.html
<200 https://heerenveen.christenunie.nl/k/n2531/news/archive/43700/2010/01>,https://heerenveen.christenunie.nl/k/n2531/news/view/399092/43700/grondaankoop-tjalleberter-krite-dure-misser.html
<200 https://heerenveen.christenunie.nl/k/n2531/news/archive/43700/2011/12>,https://heerenveen.christenunie.nl/k/n2531/news/view/498825/43700/verslag-van-de-jaarlijkse-ledenvergadering.html
<200 https://heerenveen.christenunie.nl/k/n2531/news/archive/43700/2012/03>,https://heerenveen.christenunie.nl/k/n2531/news/archive/43700/2012/3
<200 https://heerenveen.christenunie.nl/k/n2531/news/archive/43700/2012/03>,https://heerenveen.christenunie.nl/k/n2531/news/view/509019/43700/vernieuwbouw-thialf-een-innovatief-en-uitdagend-plan.html
<200 https://heerenveen.christenunie.nl/k/n2531/news/archive/43700/2010/02>,https://heerenveen.christenunie.nl/k/n2531/news/archive/43700/2010/2
<200 https://heerenveen.christenunie.nl/k/n2531/news/archive/43700/2010/02>,https://heerenveen.christenunie.nl/k/n2531/news/view/415664/43700/christenunie-steekt-de-handen-uit-de-mouwen.html
<200 https://heerenveen.christenunie.nl/k/n2531/news/archive/43700/2010/02>,https://heerenveen.christenunie.nl/k/n2531/news/view/409870/43700/christenunie-wil-meebesturen-in-heerenveen.html
<200 https://heerenveen.christenunie.nl/k/n2531/news/archive/43700/2010/02>,https://heerenveen.christenunie.nl/k/n2531/news/view/406213/43700/heerenveen-stad-van-sport-wie-let-er-op-de-kleintjes.html
<200 https://heerenveen.christenunie.nl/k/n2531/news/archive/43700/2010/11>,https://heerenveen.christenunie.nl/k/n2531/news/view/457328/43700/een-kat-in-het-nauw-maakt-rare-sprongen.html
<200 https://heerenveen.christenunie.nl/k/n2531/news/archive/43700/2010/10>,https://heerenveen.christenunie.nl/k/n2531/news/view/454425/43700/ziekte-fractievoorzitter.html
<200 https://heerenveen.christenunie.nl/k/n2531/news/archive/43700/2012/04>,https://heerenveen.christenunie.nl/k/n2531/news/archive/43700/2012/4
<200 https://heerenveen.christenunie.nl/k/n2531/news/archive/43700/2012/04>,https://heerenveen.christenunie.nl/k/n2531/news/view/527365/43700/(steun)fractie-en-bestuur-bereiden-zich-voor-op-gemeenteraadsverkiezingen-2013.html
<200 https://heerenveen.christenunie.nl/k/n2531/news/archive/43700/2009/03>,https://heerenveen.christenunie.nl/k/n2531/news/archive/43700/2009/3
<200 https://heerenveen.christenunie.nl/k/n2531/news/archive/43700/2009/03>,https://heerenveen.christenunie.nl/k/n2531/news/view/340709/43700/stichting-present-heerenveen.html
<200 https://heerenveen.christenunie.nl/k/n2531/news/archive/43700/2012/06>,https://heerenveen.christenunie.nl/k/n2531/news/archive/43700/2012/6
<200 https://heerenveen.christenunie.nl/k/n2531/news/archive/43700/2012/06>,https://heerenveen.christenunie.nl/k/n2531/news/view/527653/43700/verantwoordings-perspectiefnota-2012.html
<200 https://heerenveen.christenunie.nl/k/n2531/news/archive/43700/2009/04>,https://heerenveen.christenunie.nl/k/n2531/news/archive/43700/2009/4
<200 https://heerenveen.christenunie.nl/k/n2531/news/archive/43700/2009/04>,https://heerenveen.christenunie.nl/k/n2531/news/view/347048/43700/christenunie-gaat-voor-tweedehands.html
<200 https://heerenveen.christenunie.nl/k/n2531/news/archive/43700/2009/04>,https://heerenveen.christenunie.nl/k/n2531/news/view/346614/43700/centrum-jeugd-en-gezin-heerenveen.html
<200 https://heerenveen.christenunie.nl/k/n2531/news/archive/43700/2009/05>,https://heerenveen.christenunie.nl/k/n2531/news/archive/43700/2009/5
<200 https://heerenveen.christenunie.nl/k/n2531/news/archive/43700/2009/05>,https://heerenveen.christenunie.nl/k/n2531/news/view/347655/43700/van-europa-naar-friesland.html
<200 https://heerenveen.christenunie.nl/k/n2531/news/archive/43700/2009/06>,https://heerenveen.christenunie.nl/k/n2531/news/archive/43700/2009/6
<200 https://heerenveen.christenunie.nl/k/n2531/news/archive/43700/2009/06>,https://heerenveen.christenunie.nl/k/n2531/news/view/354449/43700/nieuws-cu-heerenveen.html
<200 https://heerenveen.christenunie.nl/k/n2531/news/archive/43700/2009/10>,https://heerenveen.christenunie.nl/k/n2531/news/view/370318/43700/centrum-voor-de-kunsten-a7.html
<200 https://heerenveen.christenunie.nl/k/n2531/news/archive/43700/2009/10>,https://heerenveen.christenunie.nl/k/n2531/news/view/368793/43700/thialf-discovery.html
<200 https://heerenveen.christenunie.nl/k/n2531/news/archive/43700/2009/10>,https://heerenveen.christenunie.nl/k/n2531/news/view/368788/43700/ondernemersfonds-voor-het-centrum.html
<200 https://heerenveen.christenunie.nl/k/n2531/news/archive/43700/2009/12>,https://heerenveen.christenunie.nl/k/n2531/news/view/388109/43700/tryntsje-dijkstra-opnieuw-lijsttrekker-christenunie-heerenveen.html
<200 https://heerenveen.christenunie.nl/k/n2531/news/archive/43700/2009/12>,https://heerenveen.christenunie.nl/k/n2531/news/view/388108/43700/tien-belangrijke-boodschappen-van-de-christenunie-voor-heerenveen-in-2010.html
<200 https://heerenveen.christenunie.nl/k/n2531/news/archive/43700/2009/12>,https://heerenveen.christenunie.nl/k/n2531/news/view/385643/43700/jan-boven-ontvangt-zilveren-speld.html
<200 https://heerenveen.christenunie.nl/k/n2531/news/archive/43700/2009/11>,https://heerenveen.christenunie.nl/k/n2531/news/view/373340/43700/fusie-eerst-naar-de-burgers.html
<200 https://heerenveen.christenunie.nl/k/n2531/news/archive/184837/2012>,https://heerenveen.christenunie.nl/k/n2531/news/archive/184837/2012/06
<200 https://heerenveen.christenunie.nl/k/n2531/news/archive/184837/2012>,https://heerenveen.christenunie.nl/k/n2531/news/archive/184837/2012/04
<200 https://heerenveen.christenunie.nl/k/n2531/news/archive/184837/2012>,https://heerenveen.christenunie.nl/k/n2531/news/archive/184837/2012/03
<200 https://heerenveen.christenunie.nl/k/n2531/news/archive/184837/2012>,https://heerenveen.christenunie.nl/k/n2531/news/archive/184837/2012/02
<200 https://heerenveen.christenunie.nl/k/n2531/news/archive/184837/2012>,https://heerenveen.christenunie.nl/k/n2531/news/archive/184837/2012/01
<200 https://heerenveen.christenunie.nl/k/n2531/news/archive/184837/2011>,https://heerenveen.christenunie.nl/k/n2531/news/archive/184837/2011/12
<200 https://heerenveen.christenunie.nl/k/n2531/news/archive/184837/2011>,https://heerenveen.christenunie.nl/k/n2531/news/archive/184837/2011/11
<200 https://heerenveen.christenunie.nl/k/n2531/news/archive/184837/2011>,https://heerenveen.christenunie.nl/k/n2531/news/archive/184837/2011/10
<200 https://heerenveen.christenunie.nl/k/n2531/news/archive/184837/2011>,https://heerenveen.christenunie.nl/k/n2531/news/archive/184837/2011/09
<200 https://heerenveen.christenunie.nl/k/n2531/news/archive/184837/2011>,https://heerenveen.christenunie.nl/k/n2531/news/archive/184837/2011/01
<200 https://heerenveen.christenunie.nl/k/n2531/news/archive/184837/2017>,https://heerenveen.christenunie.nl/k/n2531/news/archive/184837/2017/03
<200 https://heerenveen.christenunie.nl/k/n2531/news/archive/184837/2017>,https://heerenveen.christenunie.nl/k/n2531/news/archive/184837/2017/02
<200 https://heerenveen.christenunie.nl/k/n2531/news/archive/184837/2013>,https://heerenveen.christenunie.nl/k/n2531/news/archive/184837/2013/11
<200 https://heerenveen.christenunie.nl/k/n2531/news/archive/184837/2013>,https://heerenveen.christenunie.nl/k/n2531/news/archive/184837/2013/10
<200 https://heerenveen.christenunie.nl/k/n2531/news/archive/184837/2013>,https://heerenveen.christenunie.nl/k/n2531/news/archive/184837/2013/09
<200 https://heerenveen.christenunie.nl/k/n2531/news/archive/184837/2013>,https://heerenveen.christenunie.nl/k/n2531/news/archive/184837/2013/08
<200 https://heerenveen.christenunie.nl/k/n2531/news/archive/184837/2013>,https://heerenveen.christenunie.nl/k/n2531/news/archive/184837/2013/06
<200 https://heerenveen.christenunie.nl/k/n2531/news/archive/184837/2013>,https://heerenveen.christenunie.nl/k/n2531/news/archive/184837/2013/03
<200 https://heerenveen.christenunie.nl/k/n2531/news/archive/184837/2013>,https://heerenveen.christenunie.nl/k/n2531/news/archive/184837/2013/02
<200 https://heerenveen.christenunie.nl/k/n2531/news/archive/184837/2012/02>,https://heerenveen.christenunie.nl/k/n2531/news/archive/184837/2012/2
<200 https://heerenveen.christenunie.nl/k/n2531/news/archive/184837/2012/02>,https://heerenveen.christenunie.nl/k/n2531/news/view/506840/184837/provinciale-unie-op-bezoek-bij-het-bestuur-in-heerenveen.html
<200 https://heerenveen.christenunie.nl/k/n2531/news/archive/184837/2012/02>,https://heerenveen.christenunie.nl/k/n2531/news/view/504357/184837/tryntsje-dijkstra-terug-in-de-raad.html
<200 https://heerenveen.christenunie.nl/k/n2531/news/archive/184837/2012/04>,https://heerenveen.christenunie.nl/k/n2531/news/archive/184837/2012/4
<200 https://heerenveen.christenunie.nl/k/n2531/news/archive/184837/2012/04>,https://heerenveen.christenunie.nl/k/n2531/news/view/527365/184837/(steun)fractie-en-bestuur-bereiden-zich-voor-op-gemeenteraadsverkiezingen-2013.html
<200 https://heerenveen.christenunie.nl/k/n2531/news/archive/184837/2012/03>,https://heerenveen.christenunie.nl/k/n2531/news/archive/184837/2012/3
<200 https://heerenveen.christenunie.nl/k/n2531/news/archive/184837/2012/03>,https://heerenveen.christenunie.nl/k/n2531/news/view/509019/184837/vernieuwbouw-thialf-een-innovatief-en-uitdagend-plan.html
<200 https://heerenveen.christenunie.nl/k/n2531/news/archive/184837/2017/02>,https://heerenveen.christenunie.nl/k/n2531/news/archive/184837/2017/2
<200 https://heerenveen.christenunie.nl/k/n2531/news/archive/184837/2017/02>,https://heerenveen.christenunie.nl/k/n2531/news/view/1089391/184837/laat-weten-wat-jouw-school-bijzonder-maakt.html
<200 https://heerenveen.christenunie.nl/k/n2531/news/archive/184837/2012/01>,https://heerenveen.christenunie.nl/k/n2531/news/archive/184837/2012/1
<200 https://heerenveen.christenunie.nl/k/n2531/news/archive/184837/2012/01>,https://heerenveen.christenunie.nl/k/n2531/news/view/503553/184837/kennismaking-met-zorgboerderij-boerenblij.html
<200 https://heerenveen.christenunie.nl/k/n2531/news/archive/184837/2011/01>,https://heerenveen.christenunie.nl/k/n2531/news/archive/184837/2011/1
<200 https://heerenveen.christenunie.nl/k/n2531/news/archive/184837/2011/01>,https://heerenveen.christenunie.nl/k/n2531/news/view/466709/184837/pre-mediation-in-gemeente-heerenveen-voor-betere-dienstverlening.html
<200 https://heerenveen.christenunie.nl/k/n2531/news/archive/184837/2011/01>,https://heerenveen.christenunie.nl/k/n2531/news/view/464609/184837/ziektevervanging.html
<200 https://heerenveen.christenunie.nl/k/n2531/news/archive/184837/2017/03>,https://heerenveen.christenunie.nl/k/n2531/news/archive/184837/2017/3
<200 https://heerenveen.christenunie.nl/k/n2531/news/archive/184837/2017/03>,https://heerenveen.christenunie.nl/k/n2531/news/view/1109980/184837/dank-voor-uw-stem.html
<200 https://heerenveen.christenunie.nl/k/n2531/news/archive/184837/2017/03>,https://heerenveen.christenunie.nl/k/n2531/news/view/1109024/184837/lintjes.html
<200 https://heerenveen.christenunie.nl/k/n2531/news/archive/184837/2017/03>,https://heerenveen.christenunie.nl/k/n2531/news/view/1106421/184837/christenunie-stelt-kamervragen-over-gaswinning-heerenveen.html
<200 https://heerenveen.christenunie.nl/k/n2531/news/archive/184837/2012/06>,https://heerenveen.christenunie.nl/k/n2531/news/archive/184837/2012/6
<200 https://heerenveen.christenunie.nl/k/n2531/news/archive/184837/2012/06>,https://heerenveen.christenunie.nl/k/n2531/news/view/527653/184837/verantwoordings-perspectiefnota-2012.html
<200 https://heerenveen.christenunie.nl/k/n2531/news/archive/184837/2011/10>,https://heerenveen.christenunie.nl/k/n2531/news/view/493622/184837/belevenissen-als-tijdelijk-raadslid-van-lia-de-heij.html
<200 https://heerenveen.christenunie.nl/k/n2531/news/archive/184837/2013/02>,https://heerenveen.christenunie.nl/k/n2531/news/archive/184837/2013/2
<200 https://heerenveen.christenunie.nl/k/n2531/news/archive/184837/2013/02>,https://heerenveen.christenunie.nl/k/n2531/news/view/549952/184837/plaatselijk-belangen-wijkraden-en-eigen-initiatieven.html
<200 https://heerenveen.christenunie.nl/k/n2531/news/archive/184837/2011/11>,https://heerenveen.christenunie.nl/k/n2531/news/view/498974/184837/betoog-bestuursrapportage-2011-en-themabegroting-2012.html
<200 https://heerenveen.christenunie.nl/k/n2531/news/archive/184837/2011/09>,https://heerenveen.christenunie.nl/k/n2531/news/archive/184837/2011/9
<200 https://heerenveen.christenunie.nl/k/n2531/news/archive/184837/2011/09>,https://heerenveen.christenunie.nl/k/n2531/news/view/493749/184837/christenunie-heerenveen-start-nieuw-politiek-seizoen.html
<200 https://heerenveen.christenunie.nl/k/n2531/news/archive/184837/2013/03>,https://heerenveen.christenunie.nl/k/n2531/news/archive/184837/2013/3
<200 https://heerenveen.christenunie.nl/k/n2531/news/archive/184837/2013/03>,https://heerenveen.christenunie.nl/k/n2531/news/view/552700/184837/fractie-in-actie-op-zorgboerderij-boerenblij.html
<200 https://heerenveen.christenunie.nl/k/n2531/news/archive/184837/2013/03>,https://heerenveen.christenunie.nl/k/n2531/news/view/551475/184837/christenunie-en-cda-komen-op-voor-kleine-scholen.html
<200 https://heerenveen.christenunie.nl/k/n2531/news/archive/184837/2011/12>,https://heerenveen.christenunie.nl/k/n2531/news/view/498825/184837/verslag-van-de-jaarlijkse-ledenvergadering.html
<200 https://heerenveen.christenunie.nl/k/n2531/news/archive/184837/2013/06>,https://heerenveen.christenunie.nl/k/n2531/news/archive/184837/2013/6
<200 https://heerenveen.christenunie.nl/k/n2531/news/archive/184837/2013/06>,https://heerenveen.christenunie.nl/k/n2531/news/view/560240/184837/leijendekker-lijsttrekker-christenunie.html
<200 https://heerenveen.christenunie.nl/k/n2531/news/archive/184837/2013/08>,https://heerenveen.christenunie.nl/k/n2531/news/archive/184837/2013/8
<200 https://heerenveen.christenunie.nl/k/n2531/news/archive/184837/2013/08>,https://heerenveen.christenunie.nl/k/n2531/news/view/566740/184837/het-is-bijna-zover.html
<200 https://heerenveen.christenunie.nl/k/n2531/news/archive/184837/2013/11>,https://heerenveen.christenunie.nl/k/n2531/news/view/586306/184837/christenunie-behoudt-2-zetels.html
<200 https://heerenveen.christenunie.nl/k/n2531/news/archive/184837/2013/11>,https://heerenveen.christenunie.nl/k/n2531/news/view/585220/184837/lijsttrekker-christenunie-sluit-dorpenmarathon-af-in-heerenveen.html
<200 https://heerenveen.christenunie.nl/k/n2531/news/archive/184837/2013/11>,https://heerenveen.christenunie.nl/k/n2531/news/view/579897/184837/christenunie-wil-prostitutiebeleid-op-de-agenda.html
<200 https://heerenveen.christenunie.nl/k/n2531/news/archive/184837/2013/10>,https://heerenveen.christenunie.nl/k/n2531/news/view/577728/184837/campagnevoeren-met-snelheid.html
<200 https://heerenveen.christenunie.nl/k/n2531/news/archive/184837/2013/10>,https://heerenveen.christenunie.nl/k/n2531/news/view/577173/184837/joukje-akkerman-de-jong-stelt-zich-voor.html
<200 https://heerenveen.christenunie.nl/k/n2531/news/archive/184837/2013/10>,https://heerenveen.christenunie.nl/k/n2531/news/view/576622/184837/bijzonder-goede-inzet-van-vrijwilligers-in-de-dorpen-valt-op-bij-de-derde-loop.html
<200 https://heerenveen.christenunie.nl/k/n2531/news/archive/184837/2013/10>,https://heerenveen.christenunie.nl/k/n2531/news/view/574865/184837/start-campagne-christenunie-heerenveen.html
<200 https://heerenveen.christenunie.nl/k/n2531/news/archive/184837/2013/10>,https://heerenveen.christenunie.nl/k/n2531/news/view/574156/184837/nummer-3-van-de-kandidatenlijst-klaas-pieter-derks-stelt-zich-voor.html
<200 https://heerenveen.christenunie.nl/k/n2531/news/archive/184837/2013/09>,https://heerenveen.christenunie.nl/k/n2531/news/archive/184837/2013/9
<200 https://heerenveen.christenunie.nl/k/n2531/news/archive/184837/2013/09>,https://heerenveen.christenunie.nl/k/n2531/news/view/573833/184837/lijsttrekker-christenunie-rennend-door-heerenveense-dorpen.html
<200 https://heerenveen.christenunie.nl/k/n2531/news/archive/184837/2013/09>,https://heerenveen.christenunie.nl/k/n2531/news/view/572961/184837/lia-de-heij-nummer-2-van-de-kanditatenlijst-stelt-zich-voor.html
<200 https://heerenveen.christenunie.nl/k/n2531/news/archive/184837/2013/09>,https://heerenveen.christenunie.nl/k/n2531/news/view/572064/184837/interview-lijstrekker-aris-leijendekker-met-jongerensite-ondertussen-nl.html
<200 https://heerenveen.christenunie.nl/k/n2531/news/archive/184837/2013/09>,https://heerenveen.christenunie.nl/k/n2531/news/view/571076/184837/de-kandidatenlijst-voor-de-gemeenteraadsverkiezingen-op-13-november-2013.html
<200 https://heerenveen.christenunie.nl/k/n2531/news/archive/184837/2013/09>,https://heerenveen.christenunie.nl/k/n2531/news/view/570601/184837/zaterdag-14-september-speed-d(eb)ate-met-aris-leijendekker.html
